<?xml version="1.0" encoding="UTF-8"?>
<!DOCTYPE mapper PUBLIC "-//mybatis.org//DTD Mapper 3.0//EN"
"http://mybatis.org/dtd/mybatis-3-mapper.dtd">
<mapper namespace="com.shiyanlou.dao.PostDao">
    <!-- 自定义结果集 注意property属性值为实体类属性名，columns属性值为数据库表字段-->
    <resultMap type="Post" id="PostResult">
        <id property="id" column="post_id" />
        <result property="title" column="title" />
        <result property="content" column="content" />
        <result property="date" column="create_date" />
        <association property="admin" javaType="Admin">
            <id property="id" column="admin_id" />
            <result property="username" column="username" />
        </association>
    </resultMap>
    <!-- 根据条件查询公告 -->
    <select id="findPosts" parameterType="Map" resultMap="PostResult">
        select a.admin_id,a.username,p.post_id,p.title,p.content,p.create_date
        from admin_tb a,post_tb p where p.admin_id = a.admin_id
        <if test="title!=null and title!='' ">
            and p.title like #{title}
        </if>
    </select>
    <!-- 根据条件查询公告数量 -->
    <select id="getCount" parameterType="Map" resultType="Integer">
        select count(*) from post_tb
        <where>
            <if test="title!=null and title!='' ">
                title like #{title}
            </if>
        </where>
    </select>
    <!-- 添加公告 -->
    <insert id="addPost" useGeneratedKeys="true" keyProperty="post_id">
        insert
        into post_tb(title,content,admin_id,create_date)
        values(#{title},#{content},#{admin.id},#{date})
    </insert>
    <!-- 修改公告 -->
    <update id="updatePost" parameterType="Post">
        update post_tb set
        title=#{title},content=#{content},admin_id=#{admin.id},create_date=#{date}
        where post_id=#{id}
    </update>
    <!-- 删除公告 -->
    <delete id="deletePost" parameterType="Integer">
        delete from post_tb
        where
        post_id=#{id}
    </delete>
    <!-- 根据 ID 查询公告信息 -->
    <select id="getPostById" parameterType="Integer" resultMap="PostResult">
        select a.admin_id,a.username,p.post_id,p.title,p.content,p.create_date
        from admin_tb a,post_tb p where p.admin_id = a.admin_id and
        p.post_id=#{id}
    </select>
</mapper>
