<?xml version="1.0" encoding="UTF-8"?>
<!DOCTYPE mapper PUBLIC "-//mybatis.org//DTD Mapper 3.0//EN"
        "http://mybatis.org/dtd/mybatis-3-mapper.dtd">
<mapper namespace="com.shiyanlou.mapper.UserMapper">
    <!-- 自定义结果集 -->
    <resultMap type="User" id="userResultMap">
        <id property="id" column="id"/>
        <result property="username" column="username"/>
        <result property="password" column="password"/>
        <result property="sex" column="sex"/>
        <result property="age" column="age"/>
    </resultMap>
    <!-- 登录查询 -->
    <select id="selectLogin" parameterType="User" resultMap="userResultMap">
        select *
        from user
        where username = #{username}
          and password = #{password}
    </select>
    <!-- 查询所有用户 -->
    <select id="selectAllUser" resultMap="userResultMap">
        select *
        from user
    </select>
    <!-- 新增用户 -->
    <insert id="addUser" useGeneratedKeys="true" keyProperty="id">
        insert into user (username, password, sex, age)
        values (#{username}, #{password}, #{sex}, #{age})
    </insert>
    <!-- 更新用户 -->
    <update id="updateUser" parameterType="User">
        update user
        set username = #{username},
            password = #{password},
            sex      = #{sex},
            age      = #{age}
        where id = #{id}
    </update>
    <!-- 删除用户 -->
    <delete id="deleteUser" parameterType="int">
        delete
        from user
        where id = #{id}
    </delete>

</mapper>