<?xml version="1.0" encoding="UTF-8"?>
<beans xmlns="http://www.springframework.org/schema/beans"
    xmlns:xsi="http://www.w3.org/2001/XMLSchema-instance" xmlns:p="http://www.springframework.org/schema/p"
    xmlns:context="http://www.springframework.org/schema/context" xmlns:tx="http://www.springframework.org/schema/tx"
    xsi:schemaLocation="
          http://www.springframework.org/schema/beans
          http://www.springframework.org/schema/beans/spring-beans-4.2.xsd
          http://www.springframework.org/schema/context
          http://www.springframework.org/schema/context/spring-context-4.2.xsd
          http://www.springframework.org/schema/tx
          http://www.springframework.org/schema/tx/spring-tx-4.2.xsd">

    <!-- 自动扫描有 Spring 相关注解的类，并把这些类注册为 bean -->
    <context:component-scan base-package="com.shiyanlou" />

    <context:property-placeholder location="classpath:jdbc.properties" />
    <!-- 配置数据源 -->
    <bean id="dataSource"
        class="org.springframework.jdbc.datasource.DriverManagerDataSource">
        <property name="driverClassName" value="${jdbc.driver}" />
        <property name="url" value="${jdbc.url}" />
        <property name="username" value="${jdbc.username}" />
        <property name="password" value="${jdbc.password}" />
    </bean>
    <!-- MyBatis 的 SqlSession 的工厂，并引用数据源，扫描 MyBatis 的配置文件 -->
    <bean id="sqlSessionFactory" class="org.mybatis.spring.SqlSessionFactoryBean">
        <property name="dataSource" ref="dataSource"></property>
        <property name="mapperLocations" value="classpath:/mappers/*.xml"></property>
        <property name="configLocation" value="classpath:mybatis-config.xml" />
    </bean>
    <!-- MyBatis 自动扫描加载 Sql 映射文件/接口 -->
    <bean class="org.mybatis.spring.mapper.MapperScannerConfigurer"
        p:basePackage="com.shiyanlou.dao" p:sqlSessionFactoryBeanName="sqlSessionFactory">

    </bean>
    <!-- JDBC 事务管理器 -->
    <bean id="txManager"
        class="org.springframework.jdbc.datasource.DataSourceTransactionManager">
        <property name="dataSource" ref="dataSource"></property>
    </bean>
    <!-- 启用支持 annotation 注解方式事务管理 -->
    <tx:annotation-driven transaction-manager="txManager" />

</beans>
