<?xml version="1.0" encoding="UTF-8"?>
<beans xmlns="http://www.springframework.org/schema/beans"
    xmlns:xsi="http://www.w3.org/2001/XMLSchema-instance" xmlns:context="http://www.springframework.org/schema/context"
    xmlns:mvc="http://www.springframework.org/schema/mvc"
    xsi:schemaLocation="http://www.springframework.org/schema/beans
      http://www.springframework.org/schema/beans/spring-beans.xsd
      http://www.springframework.org/schema/context
      http://www.springframework.org/schema/context/spring-context-4.2.xsd
      http://www.springframework.org/schema/mvc
     http://www.springframework.org/schema/mvc/spring-mvc-4.2.xsd">

    <!-- 自动扫描该包，Spring MVC 会将包下用 @Controller 注解的类注册为 Spring 的 controller -->
    <context:component-scan base-package="com.shiyanlou.controller" />
    <!-- 设置默认配置方案 -->
    <mvc:annotation-driven />
    <!-- 静态资源访问 -->
    <mvc:resources location="/" mapping="/**" />
    <!-- 视图解析器 -->
    <bean id="viewResolver"
        class="org.springframework.web.servlet.view.InternalResourceViewResolver">
        <property name="prefix" value="/" />
        <property name="suffix" value=".jsp" />
    </bean>

    
    <!-- 配置拦截器 -->
    <mvc:interceptors>
        <mvc:interceptor>
            <mvc:mapping path="/**" />
            <bean class="com.shiyanlou.interceptor.LoginInterceptor" />
        </mvc:interceptor>
    </mvc:interceptors>
</beans>
